<?xml version="1.0" encoding="UTF-8"?>
<project-private xmlns="http://www.netbeans.org/ns/project-private/1">
    <editor-bookmarks xmlns="http://www.netbeans.org/ns/editor-bookmarks/2" lastBookmarkId="0"/>
    <open-files xmlns="http://www.netbeans.org/ns/projectui-open-files/2">
        <group>
            <file>file:/C:/Users/ASUS/Videos/210250502008-DESY_ANGRAENI_WR-SUDUT/src/PROGRAM_1_KONDISI/SATU_KONDISI.java</file>
            <file>file:/C:/Users/ASUS/Videos/210250502008-DESY_ANGRAENI_WR-SUDUT/src/PROGRAM_2_KONDISI/DUA_KONDISI.java</file>
            <file>file:/C:/Users/ASUS/Videos/210250502008-DESY_ANGRAENI_WR-SUDUT/src/PROGRAM_3_KONDISI/TIGA_KONDISI.java</file>
        </group>
    </open-files>
</project-private>
